NOM,ACTIVITE,ADRESSE
2B MEDICAL,"Importation, Distribution, DM steriles DM non steriles",N22RUE ABOU BAKER IBN ZOHR QUARTIER DES HOPITAUX CASABLANCA
2H BUSINESS SARL,"Importation, Distribution, DM non steriles",RUE EL BARAKA MAGASIN N 11 CYM RABAT
3D MEDICA,"Importation, Distribution, DM steriles DM non steriles",84 BOULEVARD MOULAY DRISS PREMIER GALERIE LA RENAISSANCE MAGASIEN 34 CASABLANCA
3GCOM SARL,"Exportation, Maintenance,",11.RUE ANISSONE SECTEURE 22 HAY RIYAD RABAT
3M MAROC,"Importation, DM steriles",IMMEUBLE 4 ZENITH LOTISSEMENT ATTAOUFIK SIDI MAAROUF CASABLANCA
3MEDICAL SARL,"Importation, Exportation, Distribution, Maintenance, DM steriles",128 BOULEVARD LAHCEN OUIDDER ETAGE 2 APPARTEMENT A8 IMMEUBLE AL WAHDA CASABLANCA
5G DENTAL SARL,,HAY JAMIL RUE 5 N 26 SIDI MOUMEN LAKDIM
AABOUD NEGOCE SARL,"Importation, DM steriles",RUE LALLA CHAFIA N 9 9 BIS TANGER
ABC DENTAIRE SARL,"Importation, Distribution, DM non steriles",HAY MOULAY ABDELLAH RUE 246 N 27/29 CASABLANCA
ABLENS,"Fabrication Importation, Distribution, DM steriles",457 AVENUE HASSAN 2 RESIDENCE MERYEM MAGASIEN 10 RABAT
ABMED SARL,"Importation, Distribution, Maintenance, DM steriles DM non steriles",4RUE ABOU FARIS MARINI IMMEUBLE B APPARTEMENT 2 RABAT
ACADEMY SARL AU,"Exportation, DM non steriles",3 RUE TABIT BNOU KORRA QUARTIER DES HOPITEUAX CASABLANCA
ACCEMEDIC SARL,"Importation, Exportation, Distribution, DM steriles DM non steriles",223.QUARTIER ECONOMIQUE TIFLET.
ACCENTIS MEDICAL,"Importation, DM steriles",ANGEL BOULEVERD DES FAR ET RUE ALLAL BEN ABDELLAH IMMEUBLE HAJAR APPARTEMANT 8 ETAGE 3 MOHAMMADIA
ACROMEDIC SARL,"Importation, Exportation, Distribution, DM steriles DM non steriles",HAMZA 2 FROUGA N 9 M`HAMID MARRAKECH
ACTILAB SARL,"Fabrication Importation, Distribution, DM steriles DM non steriles",1BIS RUE TOBROUK HASSAN RABAT
ADVANCED MEDICAL SERVICES SARL,"Importation, Exportation, Distribution, Maintenance, DM non steriles",15 RUE AIN CHIFAA QU BOURGOGNE CASABLANCA
AETHER MAROC,"Importation, Distribution,",43 SALOMA 1 AIN SEBAA CASABLANCA
AFNORMED,"Importation, Distribution, Maintenance, DM non steriles",AMAL 1 N 336 TIT MILLIL CASABLANCA
AFRI 5 SARL,"Importation, DM non steriles",MAGASIEN 2 IMMEUBLE 10 BELLE VUE 3 MEKNES
AFRIC MED INSTRUMENTS,"Importation, Exportation, Distribution, Maintenance, DM steriles DM non steriles",RUE SOUMAYA RESIDENCE SHEHRAZADE 3 ETAGE 5 N 22 PALMIER CASANLANCA
AFRICA INTERNET HOLDING,"Importation, Distribution, DM steriles",COMPLEX ERAC N 29 MED VI IMMEUBLE F3 N 2 ETAGE 1 CASABLANCA
AFRICAINE GATE,"Importation, Distribution, DM steriles DM non steriles",RESIDENCE EL BARAKA GH1 APPARTEMENT N09 ADRAR TIKIOUNE AGADIR
AFRICAMEDICAL SARL AU,"Importation, Exportation, Distribution, Maintenance, DM steriles DM non steriles",12 RUE SABRI BOUJEMAA 1ER ETAGE CASABLANCA
AFRICARE,"Importation, Exportation, Distribution, DM steriles DM non steriles",11 BOULEVARD ZEKTOUNI APPARTEMENT N 11 4EME ?TAGE CASABLANCA
AFRIC-PHAR,"Fabrication Importation, Exportation, Distribution, Maintenance, DM steriles DM non steriles",ZONE INDUSTRIELLE OUEST AIN HARROUDA ROUTE REGIONALE N322 KM 12.400 AIN HARROUDA 28630 MOHAMMEDIA MAROC
AFROBIOMEDIC,"Importation, Exportation, Distribution, Maintenance, DM steriles DM non steriles",RUE 82 N?94 SIDI MARROUF CASABLANCA
AGENTIS,"Importation, Exportation, Distribution, Maintenance, DM steriles DM non steriles",29 RUE ZAID IBNOU REFAA 1ER ETAGE MARIF CASABLANCA
AGROLEAD,"Importation, Exportation,",BOULEVARD MEHDI BEN BERKA.LOTISSEMENT EL ALEJ RUE 4 N 3 BOURGOGNE CASABLANCA
AIR LIQUIDE MAROC,"Importation, Exportation, Distribution, Maintenance, DM non steriles",IMMEBLE MYRIAM ANGLE AUTOROUTE CASABLANCA RABAT ET ROUTE DE TIT MELLIL
AIR MEDICAL,"Importation, Distribution, DM steriles DM non steriles",25 RUE 300 HAY MLY ABDELLAH AIN CHOCK CASABLANCA
AIRLIFE SARL AU,"Fabrication Importation, Exportation, Distribution, Maintenance, DM non steriles",N 16 RUE 3 ET 4 MAZOLA HAY HASSANI CASABLANCA
ALABO SARL AU,"Importation, Distribution, DM steriles DM non steriles",7 RUE SAYAD EDDINE RESIDENCE NOURWAY2 N 2 BOURGAGNE
ALAMEDIC,"Importation, Distribution, DM steriles DM non steriles",39 HAY ERRAHA BEAUSEJOUR
ALAMI PHARMA SARL AU,"Importation, DM non steriles",17 RUE BAHT APPARTEMENT N 5 AGDAL-RABAT
ALCON MAROC,"Importation, Distribution, Maintenance, DM steriles DM non steriles",TOUR CRYSTAL I BOULEVARD SIDI MOHAMED BEN ABDELLAH 7EME ETAGE PLATEAU 11 QUARTIER MARINA 20030 CASABLANCA
ALGOL MEDICAL,"Importation, Exportation, Distribution, DM steriles DM non steriles",295.ANGLE BD ABDELMOUMEN ET RUE PERCEE CASABLANCA
ALLIANCE ENVIRONNEMENT,"Fabrication Importation, Exportation, Distribution,",2 RUE BOUGAINVILLE RESIDENCE TURPIN RDC BOURGOGNE CASABLANCA
ALMED SANTE,"Distribution, DM steriles DM non steriles",N 309 LOTISSEMENT HADJ FATEH HAY OULEFA CASABLANCA
ALPHA PHAR,"Importation, Exportation, Distribution, DM steriles DM non steriles",VILLA 390 NASSIM CASABLANCA
ALTHEA SA,"Importation, Distribution, DM steriles DM non steriles",76.ALLEE DES CASUARINAS AIN SEBAA 20 580 CASABLANCA
AMED DENTAL SARL AU,"Importation, Distribution, Maintenance, DM steriles DM non steriles",47 RUE DE BRUXELLES IMMEUBLE A MAG 9 MARS SULTAN 20300 CASABLANCA
AMIF SARL AU,"Fabrication Importation, Exportation, Distribution, Maintenance, DM steriles DM non steriles",LOTISSEMENT 1234 QUARTIER EL WIFAK TEMARA
AMIPARA,"Distribution, DM steriles DM non steriles",MAGASIEN RDC N 28 R?SIDENCE AL AKHAWAYN .SOCOMA 1 MARRAKECH
AMIYAD IMPLANTS SARL,"Distribution, DM non steriles",46.AVENUE OKBA APPARTEMENT 2 AGDAL RABAT
AMOUCH DENT SARL AU,"Distribution, DM steriles DM non steriles",AVENUE JEBER BNE HAYAN BLOC A N 513 ELHOUDA AGADIR
AMOUDENT SARL,"Importation, Distribution, Maintenance, DM steriles DM non steriles",RESIDENCE JARDINS DE LA VILLETTE RUE MORMOUCHA IMMEUBLE D APPARTEMENT 12 CASABLANCA
ARDCHIR NABIL,"Distribution, DM non steriles",N 26 TRANCHE 3 DAR AL BIR WALI HSANE MARRAKECH
ASSIHA SARL,"Importation, Distribution, DM steriles DM non steriles",514 .AVENUE 2 MARS ANDALOUS 2 CASABLANCA
ASSISTANCE MEDICALE ET DENTAIRE (AMED) SARL,"Importation, Exportation, Distribution, Maintenance, DM steriles DM non steriles",BOULEVARD YACOUB EL MANSOUR RUE BATA GUELIZ MARRAKECH
